locNum	locType	locName	locStartText	sublocNum	sublocName	sublocStartText	itemNum	itemName	itemStartText	response	responseTime	outcome	itemEndText	locEndText
1	2	dream	You fall asleep and begin to dream...	1	dreaminterior	You keep dreaming	1	pheasant.jpg	pheasant	1	5.08296180004254	2	Incorrect	You wake up...
1	2	dream	You fall asleep and begin to dream...	1	dreaminterior	You keep dreaming	2	partridge.jpg	partridge	1	2.063013200182468	2	Incorrect	You wake up...
1	2	dream	You fall asleep and begin to dream...	1	dreaminterior	You keep dreaming	3	cheetah.jpg	cheetah	1	6.698591699823737	1	Correct	You wake up...
1	2	dream	You fall asleep and begin to dream...	1	dreaminterior	You keep dreaming	4	armadillo.jpg	armadillo	1	1.63617409998551	2	Incorrect	You wake up...
1	2	dream	You fall asleep and begin to dream...	1	dreaminterior	You keep dreaming	5	red_cabbage.jpg	red cabbage	2	1.466778300236911	1	Correct	You wake up...
1	2	dream	You fall asleep and begin to dream...	1	dreaminterior	You keep dreaming	6	train.jpg	train	1	1.581259900238365	1	Correct	You wake up...
1	2	dream	You fall asleep and begin to dream...	2	dreaminterior	You keep dreaming	1	eraser.jpg	eraser	1	3.695514199789613	2	Incorrect	You wake up...
1	2	dream	You fall asleep and begin to dream...	2	dreaminterior	You keep dreaming	2	small_saucepan.jpg	small saucepan	1	4.863285999745131	2	Incorrect	You wake up...
1	2	dream	You fall asleep and begin to dream...	2	dreaminterior	You keep dreaming	3	pasty.jpg	pasty	1	1.746709600090981	1	Correct	You wake up...
1	2	dream	You fall asleep and begin to dream...	2	dreaminterior	You keep dreaming	4	doll.jpg	doll	2	1.292816000059247	1	Correct	You wake up...
1	2	dream	You fall asleep and begin to dream...	2	dreaminterior	You keep dreaming	5	coconut.jpg	coconut	1	2.007639700081199	1	Correct	You wake up...
1	2	dream	You fall asleep and begin to dream...	2	dreaminterior	You keep dreaming	6	chard.jpg	chard	1	2.913579999934882	2	Incorrect	You wake up...
1	2	dream	You fall asleep and begin to dream...	3	dreaminterior	You keep dreaming	1	bayonet.jpg	bayonet	2	2.181076599750668	2	Incorrect	You wake up...
1	2	dream	You fall asleep and begin to dream...	3	dreaminterior	You keep dreaming	2	paragliding.jpg	paragliding	1	2.320576000027359	1	Correct	You wake up...
1	2	dream	You fall asleep and begin to dream...	3	dreaminterior	You keep dreaming	3	plane.jpg	plane	2	3.853198099881411	1	Correct	You wake up...
1	2	dream	You fall asleep and begin to dream...	3	dreaminterior	You keep dreaming	4	church.jpg	church	2	7.431960300076753	1	Correct	You wake up...
1	2	dream	You fall asleep and begin to dream...	3	dreaminterior	You keep dreaming	5	cockroach.jpg	cockroach	1	3.407889199908823	2	Incorrect	You wake up...
1	2	dream	You fall asleep and begin to dream...	3	dreaminterior	You keep dreaming	6	diabolo.jpg	diabolo	2	2.372163400053978	2	Incorrect	You wake up...
2	1	lighthouse	It is somewhat dark out, and you notice a bright light high up on a cliff. It's a lighthouse, and you decide to investigate....	1	lighthousegarden	Outside of the lighthouse is a large garden. It's a pleasant day and you decide to look around.	1	duck.jpg	You feel soft feathers brush against your leg. It is a duck quacking at you.	1	4.392839199863374	1	It is thrilled and befriends you.	Leaving the lighthouse, you look back and wonder where the occupants may have gone to. Your journey continues.
2	1	lighthouse	It is somewhat dark out, and you notice a bright light high up on a cliff. It's a lighthouse, and you decide to investigate....	1	lighthousegarden	Outside of the lighthouse is a large garden. It's a pleasant day and you decide to look around.	2	hen.jpg	You hear a soft clucking. It is a roosting hen sitting on something shiny.	2	7.846546699758619	1	She would have gotten angry and would have pecked your hand.	Leaving the lighthouse, you look back and wonder where the occupants may have gone to. Your journey continues.
2	1	lighthouse	It is somewhat dark out, and you notice a bright light high up on a cliff. It's a lighthouse, and you decide to investigate....	1	lighthousegarden	Outside of the lighthouse is a large garden. It's a pleasant day and you decide to look around.	3	elephant.jpg	You see a large slow moving gray object. It is a large elephant.	1	5.08549809968099	1	It feels wrinkly and nice.	Leaving the lighthouse, you look back and wonder where the occupants may have gone to. Your journey continues.
2	1	lighthouse	It is somewhat dark out, and you notice a bright light high up on a cliff. It's a lighthouse, and you decide to investigate....	1	lighthousegarden	Outside of the lighthouse is a large garden. It's a pleasant day and you decide to look around.	4	zebra.jpg	You see an animal galloping. It is a young Zebra.	2	4.600595899857581	2	He would have let you pet him and become friends.	Leaving the lighthouse, you look back and wonder where the occupants may have gone to. Your journey continues.
2	1	lighthouse	It is somewhat dark out, and you notice a bright light high up on a cliff. It's a lighthouse, and you decide to investigate....	1	lighthousegarden	Outside of the lighthouse is a large garden. It's a pleasant day and you decide to look around.	5	spinach.jpg	You come across some natural greenery. It is a large plant of spinach.	1	3.097575100138783	2	It makes you weaker and weaker,	Leaving the lighthouse, you look back and wonder where the occupants may have gone to. Your journey continues.
2	1	lighthouse	It is somewhat dark out, and you notice a bright light high up on a cliff. It's a lighthouse, and you decide to investigate....	1	lighthousegarden	Outside of the lighthouse is a large garden. It's a pleasant day and you decide to look around.	6	cart.jpg	You see an old style cart. It looks heavy.	1	6.458831800147891	2	The cart is old and the wheel pops off while you try to move it.	Leaving the lighthouse, you look back and wonder where the occupants may have gone to. Your journey continues.
2	1	lighthouse	It is somewhat dark out, and you notice a bright light high up on a cliff. It's a lighthouse, and you decide to investigate....	2	lighthouseinterior	Inside the lighthouse it is dark and quiet. It seems abandoned. Or is it?	1	square.jpg	You want to measure some things. You come across a square in pieces.	1	3.538067399989814	1	You put it back together and you can measure well.	Leaving the lighthouse, you look back and wonder where the occupants may have gone to. Your journey continues.
2	1	lighthouse	It is somewhat dark out, and you notice a bright light high up on a cliff. It's a lighthouse, and you decide to investigate....	2	lighthouseinterior	Inside the lighthouse it is dark and quiet. It seems abandoned. Or is it?	2	churrera.jpg	You smell a delicious smell. Someone is making churros with a churrera, and offers to teach you.	2	7.326744999736547	2	You would have learned a new skill for at home and would have had a tasty snack.	Leaving the lighthouse, you look back and wonder where the occupants may have gone to. Your journey continues.
2	1	lighthouse	It is somewhat dark out, and you notice a bright light high up on a cliff. It's a lighthouse, and you decide to investigate....	2	lighthouseinterior	Inside the lighthouse it is dark and quiet. It seems abandoned. Or is it?	3	Chorizo.JPG	You are offered some fresh sausage to eat. It is chorizo.	1	3.621759099885821	1	It is delicious and you make friends with the generous person.	Leaving the lighthouse, you look back and wonder where the occupants may have gone to. Your journey continues.
2	1	lighthouse	It is somewhat dark out, and you notice a bright light high up on a cliff. It's a lighthouse, and you decide to investigate....	2	lighthouseinterior	Inside the lighthouse it is dark and quiet. It seems abandoned. Or is it?	4	dart.jpg	You are trying to open a can. You can only find an old dart.	2	1.513592599891126	2	You would have struggled but you would have still been able to open the can.	Leaving the lighthouse, you look back and wonder where the occupants may have gone to. Your journey continues.
2	1	lighthouse	It is somewhat dark out, and you notice a bright light high up on a cliff. It's a lighthouse, and you decide to investigate....	2	lighthouseinterior	Inside the lighthouse it is dark and quiet. It seems abandoned. Or is it?	5	strawberry.jpg	You see a small bundle of strawberries in a container.	2	7.259090399835259	1	They are not yours and you would have felt guilty.	Leaving the lighthouse, you look back and wonder where the occupants may have gone to. Your journey continues.
2	1	lighthouse	It is somewhat dark out, and you notice a bright light high up on a cliff. It's a lighthouse, and you decide to investigate....	2	lighthouseinterior	Inside the lighthouse it is dark and quiet. It seems abandoned. Or is it?	6	pepper.jpg	You are eating a bland sandwich. You find some pepper.	1	3.291655600070953	2	The pepper makes it too spicy and inedible.	Leaving the lighthouse, you look back and wonder where the occupants may have gone to. Your journey continues.
2	1	lighthouse	It is somewhat dark out, and you notice a bright light high up on a cliff. It's a lighthouse, and you decide to investigate....	3	lighthouserear	Behind the lighthouse is an old garage with dusty windows. As you enter you are greeted by the smell of old motor oil.	1	bow.jpg	You want to grab something up high. You see an old bow.	2	4.043400099966675	1	It would have gotten caught and the string would have broken.	Leaving the lighthouse, you look back and wonder where the occupants may have gone to. Your journey continues.
2	1	lighthouse	It is somewhat dark out, and you notice a bright light high up on a cliff. It's a lighthouse, and you decide to investigate....	3	lighthouserear	Behind the lighthouse is an old garage with dusty windows. As you enter you are greeted by the smell of old motor oil.	2	car.jpg	You are looking for any treasure. You see a car trunk.	2	3.355897300411016	2	You would have surprisingly found some things of value.	Leaving the lighthouse, you look back and wonder where the occupants may have gone to. Your journey continues.
2	1	lighthouse	It is somewhat dark out, and you notice a bright light high up on a cliff. It's a lighthouse, and you decide to investigate....	3	lighthouserear	Behind the lighthouse is an old garage with dusty windows. As you enter you are greeted by the smell of old motor oil.	3	tractor.jpg	Your feet are getting tired. You find a tractor.	1	10.092010400258	1	It is nice warm and cozy and you sleep a long time.	Leaving the lighthouse, you look back and wonder where the occupants may have gone to. Your journey continues.
2	1	lighthouse	It is somewhat dark out, and you notice a bright light high up on a cliff. It's a lighthouse, and you decide to investigate....	3	lighthouserear	Behind the lighthouse is an old garage with dusty windows. As you enter you are greeted by the smell of old motor oil.	4	palace.jpg	You notice a postcard of a palace.	1	3.216924500185996	1	You read a kind and uplifting note.	Leaving the lighthouse, you look back and wonder where the occupants may have gone to. Your journey continues.
2	1	lighthouse	It is somewhat dark out, and you notice a bright light high up on a cliff. It's a lighthouse, and you decide to investigate....	3	lighthouserear	Behind the lighthouse is an old garage with dusty windows. As you enter you are greeted by the smell of old motor oil.	5	scorpion.jpg	You notice a red thing dart across the floor. You see a small scorpion.	2	1.036556900013238	2	You two would have had mutual respect and left each other alone.	Leaving the lighthouse, you look back and wonder where the occupants may have gone to. Your journey continues.
2	1	lighthouse	It is somewhat dark out, and you notice a bright light high up on a cliff. It's a lighthouse, and you decide to investigate....	3	lighthouserear	Behind the lighthouse is an old garage with dusty windows. As you enter you are greeted by the smell of old motor oil.	6	spinning_top.jpg	You are walking and find a crying child who is holding a broken spinning top.	1	5.64189019985497	2	You break it further and the child cries harder.	Leaving the lighthouse, you look back and wonder where the occupants may have gone to. Your journey continues.
3	2	dream	You fall asleep and begin to dream...	1	dreaminterior	You keep dreaming	1	boomerang.jpg	boomerang	1	1.550074799917638	1	Correct	You wake up...
3	2	dream	You fall asleep and begin to dream...	1	dreaminterior	You keep dreaming	2	balalaika.jpg	balalaika	2	3.228337400127202	2	Incorrect	You wake up...
3	2	dream	You fall asleep and begin to dream...	1	dreaminterior	You keep dreaming	3	wardrobe.jpg	wardrobe	1	1.382996200118214	2	Incorrect	You wake up...
3	2	dream	You fall asleep and begin to dream...	1	dreaminterior	You keep dreaming	4	steak.jpg	steak	1	2.284122299868613	1	Correct	You wake up...
3	2	dream	You fall asleep and begin to dream...	1	dreaminterior	You keep dreaming	5	granary.jpg	granary	2	3.545670700259507	2	Incorrect	You wake up...
3	2	dream	You fall asleep and begin to dream...	1	dreaminterior	You keep dreaming	6	orange.jpg	orange	1	0.9864526996389031	1	Correct	You wake up...
3	2	dream	You fall asleep and begin to dream...	2	dreaminterior	You keep dreaming	1	bedside_table.jpg	bedside table	1	2.231819699984044	2	Incorrect	You wake up...
3	2	dream	You fall asleep and begin to dream...	2	dreaminterior	You keep dreaming	2	bracelet.jpg	bracelet	1	2.741808299906552	1	Correct	You wake up...
3	2	dream	You fall asleep and begin to dream...	2	dreaminterior	You keep dreaming	3	screwdriver.jpg	screwdriver	2	1.709784000180662	1	Correct	You wake up...
3	2	dream	You fall asleep and begin to dream...	2	dreaminterior	You keep dreaming	4	clarinet.jpg	clarinet	1	1.122054199688137	2	Incorrect	You wake up...
3	2	dream	You fall asleep and begin to dream...	2	dreaminterior	You keep dreaming	5	mosquito.jpg	mosquito	2	1.355932199861854	2	Incorrect	You wake up...
3	2	dream	You fall asleep and begin to dream...	2	dreaminterior	You keep dreaming	6	ruler.jpg	ruler	1	1.263502399902791	1	Correct	You wake up...
3	2	dream	You fall asleep and begin to dream...	3	dreaminterior	You keep dreaming	1	hippopotamus.jpg	hippopotamus	1	1.344523200299591	1	Correct	You wake up...
3	2	dream	You fall asleep and begin to dream...	3	dreaminterior	You keep dreaming	2	goldfinch.jpg	goldfinch	1	1.269585399888456	2	Incorrect	You wake up...
3	2	dream	You fall asleep and begin to dream...	3	dreaminterior	You keep dreaming	3	pine_kernel.jpg	pine kernel	1	2.156096999999136	1	Correct	You wake up...
3	2	dream	You fall asleep and begin to dream...	3	dreaminterior	You keep dreaming	4	celery.jpg	celery	2	2.135499000083655	2	Incorrect	You wake up...
3	2	dream	You fall asleep and begin to dream...	3	dreaminterior	You keep dreaming	5	ball.jpg	ball	1	1.46864499989897	1	Correct	You wake up...
3	2	dream	You fall asleep and begin to dream...	3	dreaminterior	You keep dreaming	6	ski.jpg	ski	1	1.036400999873877	2	Incorrect	You wake up...
4	1	castle	It starts to rain and you look for shelter. You see a tall stony castle and hurry inside....	1	castlehall	The gates open to a great hall. You decide to investigate while you dry off.	1	revolver.jpg	You find an old antique. It is an ancient revolver.	2	3.126787800341845	2	You would have seen the ghost of the owner, he would have given you the antique. 	The rain stopped and your curiosity is satiated. You continue on your journey.
4	1	castle	It starts to rain and you look for shelter. You see a tall stony castle and hurry inside....	1	castlehall	The gates open to a great hall. You decide to investigate while you dry off.	2	violin.jpg	You come across a violin that plays itself.	1	3.355830200016499	1	It puts on an extravagant show and you feel inspired to play.	The rain stopped and your curiosity is satiated. You continue on your journey.
4	1	castle	It starts to rain and you look for shelter. You see a tall stony castle and hurry inside....	1	castlehall	The gates open to a great hall. You decide to investigate while you dry off.	3	table.jpg	You are carrying alot of heavy things. Luckily there is a table to leave some things on for now.	1	4.192150500137359	2	The table breaks and all your things fall to the floor.	The rain stopped and your curiosity is satiated. You continue on your journey.
4	1	castle	It starts to rain and you look for shelter. You see a tall stony castle and hurry inside....	1	castlehall	The gates open to a great hall. You decide to investigate while you dry off.	4	paella.jpg	You are rummaging when a plate of food magically appears. It is fresh paella and it is floating around.	2	2.744216399732977	1	The plate would have gotten angry and would have thrown paella at you.	The rain stopped and your curiosity is satiated. You continue on your journey.
4	1	castle	It starts to rain and you look for shelter. You see a tall stony castle and hurry inside....	1	castlehall	The gates open to a great hall. You decide to investigate while you dry off.	5	pyramid.jpg	You notice a picture of a pyramid.	1	3.289737899787724	1	Looking at it closely you notice a small motivational message.	The rain stopped and your curiosity is satiated. You continue on your journey.
4	1	castle	It starts to rain and you look for shelter. You see a tall stony castle and hurry inside....	1	castlehall	The gates open to a great hall. You decide to investigate while you dry off.	6	fig.jpg	You bite into a cookie. You notice a fig inside.	2	4.63348100008443	2	You could have enjoyed a delicious cookie.	The rain stopped and your curiosity is satiated. You continue on your journey.
4	1	castle	It starts to rain and you look for shelter. You see a tall stony castle and hurry inside....	2	castlebedroom	You wander deeper into the castle, and find an ancient bedroom. You walk in.	1	Chest_of_drawers.jpg	You are rummaging through some things. You find something sticking out of a chest of drawers.	2	3.588330700062215	2	You would have found a large jacket with a note inside cheering you on.	The rain stopped and your curiosity is satiated. You continue on your journey.
4	1	castle	It starts to rain and you look for shelter. You see a tall stony castle and hurry inside....	2	castlebedroom	You wander deeper into the castle, and find an ancient bedroom. You walk in.	2	ring.jpg	You find an old envelope addressed to a stranger. Inside is a ring, but it gives off a weird energy.	2	3.638422800228	1	It would have left a burn on your finger.	The rain stopped and your curiosity is satiated. You continue on your journey.
4	1	castle	It starts to rain and you look for shelter. You see a tall stony castle and hurry inside....	2	castlebedroom	You wander deeper into the castle, and find an ancient bedroom. You walk in.	3	handsaw.jpg	You are trying to slice some bread for sandwiches and lost your knife. You do find an old handsaw.	2	2.167448699939996	2	It would have worked surprisingly well and you would have had tasty sandwiches.	The rain stopped and your curiosity is satiated. You continue on your journey.
4	1	castle	It starts to rain and you look for shelter. You see a tall stony castle and hurry inside....	2	castlebedroom	You wander deeper into the castle, and find an ancient bedroom. You walk in.	4	drum.jpg	You see a large drum in the corner. It looks brand new.	1	2.215694999787956	1	You find yourself possessed with the spirit of a drummer and perform perfectly.	The rain stopped and your curiosity is satiated. You continue on your journey.
4	1	castle	It starts to rain and you look for shelter. You see a tall stony castle and hurry inside....	2	castlebedroom	You wander deeper into the castle, and find an ancient bedroom. You walk in.	5	butterfly.jpg	You see a colourful flash. It is a butterfly on a mission.	1	1.83383970009163	1	You follow it and come across a beautiful field of flowers.	The rain stopped and your curiosity is satiated. You continue on your journey.
4	1	castle	It starts to rain and you look for shelter. You see a tall stony castle and hurry inside....	2	castlebedroom	You wander deeper into the castle, and find an ancient bedroom. You walk in.	6	compasses.jpg	You notice a shiny compass pointing in an odd direction.	1	2.978163799736649	2	It leads you to a swampy area. It takes a long time to get back.	The rain stopped and your curiosity is satiated. You continue on your journey.
4	1	castle	It starts to rain and you look for shelter. You see a tall stony castle and hurry inside....	3	castlecouryard	You exit the bedroom and keep exploring. You come across a great courtyard and look around.	1	rhino.jpg	You see a large gray animal. It is a rhino with something stuck on its foot.	1	3.001798199955374	2	It was bling and the rhino chases you down.	The rain stopped and your curiosity is satiated. You continue on your journey.
4	1	castle	It starts to rain and you look for shelter. You see a tall stony castle and hurry inside....	3	castlecouryard	You exit the bedroom and keep exploring. You come across a great courtyard and look around.	2	barn_owl.jpg	You hear soft hooting from above. A barn owl glides down.	1	2.019997500348836	1	The owl has a note tied to its leg. The note is directions to treasure.	The rain stopped and your curiosity is satiated. You continue on your journey.
4	1	castle	It starts to rain and you look for shelter. You see a tall stony castle and hurry inside....	3	castlecouryard	You exit the bedroom and keep exploring. You come across a great courtyard and look around.	3	chestnut.jpg	You find some brown nuts on the ground. They are chestnuts, and they are moving around.	1	2.825386899989098	2	Inside is a tiny colony that is fearful of you.	The rain stopped and your curiosity is satiated. You continue on your journey.
4	1	castle	It starts to rain and you look for shelter. You see a tall stony castle and hurry inside....	3	castlecouryard	You exit the bedroom and keep exploring. You come across a great courtyard and look around.	4	eggplant.jpg	You see a purple vegetable. It is an eggplant, but things are crawling out of it.	2	5.835596999619156	2	It would have been a little colony of ant people who would worship you.	The rain stopped and your curiosity is satiated. You continue on your journey.
4	1	castle	It starts to rain and you look for shelter. You see a tall stony castle and hurry inside....	3	castlecouryard	You exit the bedroom and keep exploring. You come across a great courtyard and look around.	5	soccer_ball.jpg	You find a half deflated soccer ball.	1	3.00998800015077	1	You still have alot of fun kicking it around.	The rain stopped and your curiosity is satiated. You continue on your journey.
4	1	castle	It starts to rain and you look for shelter. You see a tall stony castle and hurry inside....	3	castlecouryard	You exit the bedroom and keep exploring. You come across a great courtyard and look around.	6	racket.jpg	You come across an old racket and ball.	1	2.034642299637198	1	You hit it around and get a long streak going of no misses.	The rain stopped and your curiosity is satiated. You continue on your journey.
5	2	dream	You fall asleep and begin to dream...	1	dreaminterior	You keep dreaming	1	dolphin.jpg	dolphin	1	0.9398504998534918	1	Correct	You wake up...
5	2	dream	You fall asleep and begin to dream...	1	dreaminterior	You keep dreaming	2	platypus.jpg	platypus	1	1.28942249994725	1	Correct	You wake up...
5	2	dream	You fall asleep and begin to dream...	1	dreaminterior	You keep dreaming	3	pelican.jpg	pelican	2	0.777851500082761	2	Incorrect	You wake up...
5	2	dream	You fall asleep and begin to dream...	1	dreaminterior	You keep dreaming	4	crab.jpg	crab	2	0.7544424999505281	1	Correct	You wake up...
5	2	dream	You fall asleep and begin to dream...	1	dreaminterior	You keep dreaming	5	orchid.jpg	orchid	1	1.568776899948716	2	Incorrect	You wake up...
5	2	dream	You fall asleep and begin to dream...	1	dreaminterior	You keep dreaming	6	quince.jpg	quince	2	1.208182899747044	2	Incorrect	You wake up...
5	2	dream	You fall asleep and begin to dream...	2	dreaminterior	You keep dreaming	1	cedar.jpg	cedar	1	0.9343933998607099	1	Correct	You wake up...
5	2	dream	You fall asleep and begin to dream...	2	dreaminterior	You keep dreaming	2	bee.jpg	bee	2	1.039777100086212	1	Correct	You wake up...
5	2	dream	You fall asleep and begin to dream...	2	dreaminterior	You keep dreaming	3	lioness.jpg	lioness	1	1.150143200065941	2	Incorrect	You wake up...
5	2	dream	You fall asleep and begin to dream...	2	dreaminterior	You keep dreaming	4	pumpkin.jpg	pumpkin	1	1.312351199798286	1	Correct	You wake up...
5	2	dream	You fall asleep and begin to dream...	2	dreaminterior	You keep dreaming	5	lemon.jpg	lemon	1	1.0231690001674	2	Incorrect	You wake up...
5	2	dream	You fall asleep and begin to dream...	2	dreaminterior	You keep dreaming	6	daisy.jpg	daisy	1	0.936576799955219	2	Incorrect	You wake up...
5	2	dream	You fall asleep and begin to dream...	3	dreaminterior	You keep dreaming	1	narwhal.jpg	narwhal	1	1.629363199695945	1	Correct	You wake up...
5	2	dream	You fall asleep and begin to dream...	3	dreaminterior	You keep dreaming	2	goose.jpg	goose	2	1.367069900035858	2	Incorrect	You wake up...
5	2	dream	You fall asleep and begin to dream...	3	dreaminterior	You keep dreaming	3	willow.jpg	willow	1	0.9998633996583521	2	Incorrect	You wake up...
5	2	dream	You fall asleep and begin to dream...	3	dreaminterior	You keep dreaming	4	praying_mantis.jpg	praying mantis	2	1.119198299944401	1	Correct	You wake up...
5	2	dream	You fall asleep and begin to dream...	3	dreaminterior	You keep dreaming	5	hammer.jpg	hammer	1	1.216001500375569	1	Correct	You wake up...
5	2	dream	You fall asleep and begin to dream...	3	dreaminterior	You keep dreaming	6	mussel.jpg	mussel	1	1.405039300210774	2	Incorrect	You wake up...
6	1	beach	You hear the sound of the ocean and soon find yourself on a beautiful beach. You decide to further explore this seemingly safe paradise....	1	beachentrance	You stumble upon a beautiful beachside area lush with life. You explore this area more closely.	1	starfish.jpg	You see a colourful starfish and want to pick it up.	1	2.037979199551046	2	It gets stressed and crawls away from you.	You are satisfied with your stay on the beach, and decide to continue your journey elsewhere.
6	1	beach	You hear the sound of the ocean and soon find yourself on a beautiful beach. You decide to further explore this seemingly safe paradise....	1	beachentrance	You stumble upon a beautiful beachside area lush with life. You explore this area more closely.	2	kangaroo.jpg	You see a large hairy brown animal. It is a kangaroo.	2	5.553031799849123	2	You could have gone on a fun adventure and felt cozy.	You are satisfied with your stay on the beach, and decide to continue your journey elsewhere.
6	1	beach	You hear the sound of the ocean and soon find yourself on a beautiful beach. You decide to further explore this seemingly safe paradise....	1	beachentrance	You stumble upon a beautiful beachside area lush with life. You explore this area more closely.	3	toucan.jpg	You see a colourful flash fly in front of you. It is a toucan with something in its beak.	1	2.753296100068837	1	It has a small gold ring. It lets you take it.	You are satisfied with your stay on the beach, and decide to continue your journey elsewhere.
6	1	beach	You hear the sound of the ocean and soon find yourself on a beautiful beach. You decide to further explore this seemingly safe paradise....	1	beachentrance	You stumble upon a beautiful beachside area lush with life. You explore this area more closely.	4	manatee.jpg	You see a large gray blob on an ocean rock. It is a manatee in tears.	1	3.985842099878937	1	It confesses it feels lonely and appreciates your company very much.	You are satisfied with your stay on the beach, and decide to continue your journey elsewhere.
6	1	beach	You hear the sound of the ocean and soon find yourself on a beautiful beach. You decide to further explore this seemingly safe paradise....	1	beachentrance	You stumble upon a beautiful beachside area lush with life. You explore this area more closely.	5	poppy.jpg	You see some red flowers. They are poppies.	1	3.47131279995665	2	They trigger some allergies and you cannot stop sneezing.	You are satisfied with your stay on the beach, and decide to continue your journey elsewhere.
6	1	beach	You hear the sound of the ocean and soon find yourself on a beautiful beach. You decide to further explore this seemingly safe paradise....	1	beachentrance	You stumble upon a beautiful beachside area lush with life. You explore this area more closely.	6	flat_peach.jpg	You smell a sweet scent. It is a flat peach.	1	3.666807600297034	1	It is sweet and juicy. It is the best snack you have had in a while.	You are satisfied with your stay on the beach, and decide to continue your journey elsewhere.
6	1	beach	You hear the sound of the ocean and soon find yourself on a beautiful beach. You decide to further explore this seemingly safe paradise....	2	beachfarm	You keep walking and find a beautiful agriculturual space on the Island. You find yourself curious and explore.	1	fir.jpg	You come across a large tree. It is a fir.	1	3.555282199755311	1	You make a large toasty fire and feel comfortable.	You are satisfied with your stay on the beach, and decide to continue your journey elsewhere.
6	1	beach	You hear the sound of the ocean and soon find yourself on a beautiful beach. You decide to further explore this seemingly safe paradise....	2	beachfarm	You keep walking and find a beautiful agriculturual space on the Island. You find yourself curious and explore.	2	spider.jpg	You notice thick webs. You see a large hairy spider.	2	0.9846578999422491	2	You would have successfully squished the spider, and felt relief.	You are satisfied with your stay on the beach, and decide to continue your journey elsewhere.
6	1	beach	You hear the sound of the ocean and soon find yourself on a beautiful beach. You decide to further explore this seemingly safe paradise....	2	beachfarm	You keep walking and find a beautiful agriculturual space on the Island. You find yourself curious and explore.	3	bat.jpg	You hear the soft flapping of wings. You see a bat swooping through the air towards you.	2	1.066090300213546	1	The bat is hostile and would have swooped at your hair.	You are satisfied with your stay on the beach, and decide to continue your journey elsewhere.
6	1	beach	You hear the sound of the ocean and soon find yourself on a beautiful beach. You decide to further explore this seemingly safe paradise....	2	beachfarm	You keep walking and find a beautiful agriculturual space on the Island. You find yourself curious and explore.	4	tomato.jpg	You see a large green plant with red fruit. It is a bunch of red juicy tomatoes.	1	1.371614699717611	2	You realize they are not yours and feel guilty.	You are satisfied with your stay on the beach, and decide to continue your journey elsewhere.
6	1	beach	You hear the sound of the ocean and soon find yourself on a beautiful beach. You decide to further explore this seemingly safe paradise....	2	beachfarm	You keep walking and find a beautiful agriculturual space on the Island. You find yourself curious and explore.	5	kiwi_fruit.jpg	You see a small furry object. It is a kiwi fruit.	2	1.440125899855047	1	It is an odd texture and would have given you the ick.	You are satisfied with your stay on the beach, and decide to continue your journey elsewhere.
6	1	beach	You hear the sound of the ocean and soon find yourself on a beautiful beach. You decide to further explore this seemingly safe paradise....	2	beachfarm	You keep walking and find a beautiful agriculturual space on the Island. You find yourself curious and explore.	6	sunflower.jpg	You see a large flower. It is a sunflower with lots of seeds.	1	0.8752923998981714	2	The seeds are rotten and stink up your stuff.	You are satisfied with your stay on the beach, and decide to continue your journey elsewhere.
6	1	beach	You hear the sound of the ocean and soon find yourself on a beautiful beach. You decide to further explore this seemingly safe paradise....	3	beachwaterfall	You leave the agricultural area and find a waterfall Alcove. You decide to rest here and look around.	1	eel.jpg	You see something darting in the water. It is an eel, and it looks angry.	2	3.787325799930841	1	It would have still been very angry and would have slapped at you.	You are satisfied with your stay on the beach, and decide to continue your journey elsewhere.
6	1	beach	You hear the sound of the ocean and soon find yourself on a beautiful beach. You decide to further explore this seemingly safe paradise....	3	beachwaterfall	You leave the agricultural area and find a waterfall Alcove. You decide to rest here and look around.	2	kiwi.jpg	You see a small hopping creature. It is a kiwi bird.	2	2.271127199754119	2	It would have thought you were a fellow kiwi bird and would have appreciated the company.	You are satisfied with your stay on the beach, and decide to continue your journey elsewhere.
6	1	beach	You hear the sound of the ocean and soon find yourself on a beautiful beach. You decide to further explore this seemingly safe paradise....	3	beachwaterfall	You leave the agricultural area and find a waterfall Alcove. You decide to rest here and look around.	3	eucalyptus.jpg	You smell a wonderful smell. It is coming from an eucalyptus tree.	1	1.818341199774295	2	You attract bugs with the nice smell and have to swat them away all day.	You are satisfied with your stay on the beach, and decide to continue your journey elsewhere.
6	1	beach	You hear the sound of the ocean and soon find yourself on a beautiful beach. You decide to further explore this seemingly safe paradise....	3	beachwaterfall	You leave the agricultural area and find a waterfall Alcove. You decide to rest here and look around.	4	beetle.jpg	You see something small crawling. It is a beetle.	2	1.030748900026083	2	It was a charming pet and would have told you little bits of wisdom.	You are satisfied with your stay on the beach, and decide to continue your journey elsewhere.
6	1	beach	You hear the sound of the ocean and soon find yourself on a beautiful beach. You decide to further explore this seemingly safe paradise....	3	beachwaterfall	You leave the agricultural area and find a waterfall Alcove. You decide to rest here and look around.	5	showel.jpg	You notice a shovel next to a large red x.	1	5.804089600220323	1	You dig and come across a large treasure chest.	You are satisfied with your stay on the beach, and decide to continue your journey elsewhere.
6	1	beach	You hear the sound of the ocean and soon find yourself on a beautiful beach. You decide to further explore this seemingly safe paradise....	3	beachwaterfall	You leave the agricultural area and find a waterfall Alcove. You decide to rest here and look around.	6	oyster.jpg	You smell a salty fishy smell. They are coming from fresh oysters.	1	3.731271000113338	1	They taste amazing and fill you up.	You are satisfied with your stay on the beach, and decide to continue your journey elsewhere.
7	2	dream	You fall asleep and begin to dream...	1	dreaminterior	You keep dreaming	1	carnation.jpg	carnation	2	2.059574500191957	2	Incorrect	You wake up...
7	2	dream	You fall asleep and begin to dream...	1	dreaminterior	You keep dreaming	2	armchair.jpg	armchair	1	2.283885500393808	1	Correct	You wake up...
7	2	dream	You fall asleep and begin to dream...	1	dreaminterior	You keep dreaming	3	glove.jpg	glove	1	1.027151899877936	1	Correct	You wake up...
7	2	dream	You fall asleep and begin to dream...	1	dreaminterior	You keep dreaming	4	peanut.jpg	peanut	1	1.778798799961805	2	Incorrect	You wake up...
7	2	dream	You fall asleep and begin to dream...	1	dreaminterior	You keep dreaming	5	tambourine.jpg	tambourine	2	0.8111439999192953	1	Correct	You wake up...
7	2	dream	You fall asleep and begin to dream...	1	dreaminterior	You keep dreaming	6	medal.jpg	medal	1	1.027756199706346	2	Incorrect	You wake up...
7	2	dream	You fall asleep and begin to dream...	2	dreaminterior	You keep dreaming	1	bathrobe.jpg	bathrobe	1	0.9492109999991953	2	Incorrect	You wake up...
7	2	dream	You fall asleep and begin to dream...	2	dreaminterior	You keep dreaming	2	cap.jpg	cap	1	0.8553126999177039	2	Incorrect	You wake up...
7	2	dream	You fall asleep and begin to dream...	2	dreaminterior	You keep dreaming	3	pen.jpg	pen	1	1.037092099897563	1	Correct	You wake up...
7	2	dream	You fall asleep and begin to dream...	2	dreaminterior	You keep dreaming	4	brooch.jpg	brooch	1	1.015808199997991	2	Incorrect	You wake up...
7	2	dream	You fall asleep and begin to dream...	2	dreaminterior	You keep dreaming	5	cannon.jpg	cannon	2	1.930471300147474	1	Correct	You wake up...
7	2	dream	You fall asleep and begin to dream...	2	dreaminterior	You keep dreaming	6	trumpet.jpg	trumpet	2	1.384831300005317	1	Correct	You wake up...
7	2	dream	You fall asleep and begin to dream...	3	dreaminterior	You keep dreaming	1	frying_pan.jpg	frying pan	1	0.8721648999489844	2	Incorrect	You wake up...
7	2	dream	You fall asleep and begin to dream...	3	dreaminterior	You keep dreaming	2	strainer.jpg	strainer	2	0.6679841000586748	1	Correct	You wake up...
7	2	dream	You fall asleep and begin to dream...	3	dreaminterior	You keep dreaming	3	fritter.jpg	fritter	1	1.235191899817437	2	Incorrect	You wake up...
7	2	dream	You fall asleep and begin to dream...	3	dreaminterior	You keep dreaming	4	onion.jpg	onion	2	0.6324658999219537	1	Correct	You wake up...
7	2	dream	You fall asleep and begin to dream...	3	dreaminterior	You keep dreaming	5	custard_apple.jpg	custard apple	2	0.912682699970901	1	Correct	You wake up...
7	2	dream	You fall asleep and begin to dream...	3	dreaminterior	You keep dreaming	6	skyscraper.jpg	skyscraper	1	0.930956699885428	2	Incorrect	You wake up...
8	1	farmhouse	In the distance you see a simple farmhouse. You cautiously decide to approach and explore inside....	1	farmhouselivingroom	The front door opens into a living room area. You look around and notice several objects.	1	geranium.jpg	You find a love letter with a pot of geraniums.	1	3.470513699576259	2	It is addressed to your bestie. How disappointing.	You feel it's time to leave the house, so you exit out the back door and continue on your journey.
8	1	farmhouse	In the distance you see a simple farmhouse. You cautiously decide to approach and explore inside....	1	farmhouselivingroom	The front door opens into a living room area. You look around and notice several objects.	2	lamp.jpg	You see a gorgeous lamp.	1	1.570584600325674	2	The lightbulb is burnt and you waste your time.	You feel it's time to leave the house, so you exit out the back door and continue on your journey.
8	1	farmhouse	In the distance you see a simple farmhouse. You cautiously decide to approach and explore inside....	1	farmhouselivingroom	The front door opens into a living room area. You look around and notice several objects.	3	clog.jpg	You trip over a wooden clog. But it is really fascinating.	1	0.8989941999316216	1	It is covered in ornate beautiful artwork you would not have noticed before.	You feel it's time to leave the house, so you exit out the back door and continue on your journey.
8	1	farmhouse	In the distance you see a simple farmhouse. You cautiously decide to approach and explore inside....	1	farmhouselivingroom	The front door opens into a living room area. You look around and notice several objects.	4	hazelnut.jpg	You are offered some nuts. They are hazelnuts.	1	2.008633200079203	1	They are imbued with powers to give you flight.	You feel it's time to leave the house, so you exit out the back door and continue on your journey.
8	1	farmhouse	In the distance you see a simple farmhouse. You cautiously decide to approach and explore inside....	1	farmhouselivingroom	The front door opens into a living room area. You look around and notice several objects.	5	guitar.jpg	You come across a guitar horribly out of tune.	1	1.643783200066537	1	You tune it with relative ease and play some nice songs.	You feel it's time to leave the house, so you exit out the back door and continue on your journey.
8	1	farmhouse	In the distance you see a simple farmhouse. You cautiously decide to approach and explore inside....	1	farmhouselivingroom	The front door opens into a living room area. You look around and notice several objects.	6	sea_ ring.jpg	You find an old grimy bucket of water with algae. Inside you see a shiny sea ring.	2	0.8896406004205346	2	You would have had the ability to breathe under water.	You feel it's time to leave the house, so you exit out the back door and continue on your journey.
8	1	farmhouse	In the distance you see a simple farmhouse. You cautiously decide to approach and explore inside....	2	farmhousebedroom	After walking down a short hallway you see a bedroom door. You enter the bedroom.	1	coat.jpg	You notice a nice coat with pockets.	1	1.427628400269896	1	You look through the pockets and find a breath mint and map.	You feel it's time to leave the house, so you exit out the back door and continue on your journey.
8	1	farmhouse	In the distance you see a simple farmhouse. You cautiously decide to approach and explore inside....	2	farmhousebedroom	After walking down a short hallway you see a bedroom door. You enter the bedroom.	2	biretta.jpg	You find an old biretta amongst some boxes.	1	1.033480799756944	2	Someone discovers you wearing their biretta and snatches it back.	You feel it's time to leave the house, so you exit out the back door and continue on your journey.
8	1	farmhouse	In the distance you see a simple farmhouse. You cautiously decide to approach and explore inside....	2	farmhousebedroom	After walking down a short hallway you see a bedroom door. You enter the bedroom.	3	felt-tip_pen.jpg	You are trying to leave yourself a note, but you have nothing to write with. A stranger offers you their felt-tip pen.	2	0.473526899702847	1	It would hake broken while you wrote with it, and the stranger would have gotten mad at you.	You feel it's time to leave the house, so you exit out the back door and continue on your journey.
8	1	farmhouse	In the distance you see a simple farmhouse. You cautiously decide to approach and explore inside....	2	farmhousebedroom	After walking down a short hallway you see a bedroom door. You enter the bedroom.	4	diamond.jpg	You notice a glint on ground. It is a diamond.	1	0.474252600222826	1	You pick it up and decide to make a ring when you get home.	You feel it's time to leave the house, so you exit out the back door and continue on your journey.
8	1	farmhouse	In the distance you see a simple farmhouse. You cautiously decide to approach and explore inside....	2	farmhousebedroom	After walking down a short hallway you see a bedroom door. You enter the bedroom.	5	grenade.jpg	You find an old paperweight grenade. But something rattles inside.	2	2.832046800293028	2	You would have opened it to find a hidden ring inside.	You feel it's time to leave the house, so you exit out the back door and continue on your journey.
8	1	farmhouse	In the distance you see a simple farmhouse. You cautiously decide to approach and explore inside....	2	farmhousebedroom	After walking down a short hallway you see a bedroom door. You enter the bedroom.	6	tuba.jpg	Someone is playing a tuba but it sounds weird. It is clogged.	1	2.014951200224459	2	You reach in and your arm gets stuck. You need help getting unstuck.	You feel it's time to leave the house, so you exit out the back door and continue on your journey.
8	1	farmhouse	In the distance you see a simple farmhouse. You cautiously decide to approach and explore inside....	3	farmhousekitchen	You leave the bedroom and head towards the kitchen. It smells like someone baked bread recently.	1	sharpening_steel.jpg	You are grumpy your knives are dull. You come across a convenient sharpening steel.	2	1.280027200002223	2	It would have worked well and you would have had very sharp knives.	You feel it's time to leave the house, so you exit out the back door and continue on your journey.
8	1	farmhouse	In the distance you see a simple farmhouse. You cautiously decide to approach and explore inside....	3	farmhousekitchen	You leave the bedroom and head towards the kitchen. It smells like someone baked bread recently.	2	pot.jpg	You want to cook some food. You find a pot with some rust in it.	1	0.9988541998900473	1	The rust does not affect the taste and you feel fine after.	You feel it's time to leave the house, so you exit out the back door and continue on your journey.
8	1	farmhouse	In the distance you see a simple farmhouse. You cautiously decide to approach and explore inside....	3	farmhousekitchen	You leave the bedroom and head towards the kitchen. It smells like someone baked bread recently.	3	millefeuille.jpg	You come across a package of neatly packed desserts. It is millefeuille.	2	0.8670314000919461	1	They would have had a weird texture and it would have given you the ick.	You feel it's time to leave the house, so you exit out the back door and continue on your journey.
8	1	farmhouse	In the distance you see a simple farmhouse. You cautiously decide to approach and explore inside....	3	farmhousekitchen	You leave the bedroom and head towards the kitchen. It smells like someone baked bread recently.	4	potato.jpg	You are offered a bundle of potatoes for fries.	1	0.7178688999265432	2	The fries are mushy and gross.	You feel it's time to leave the house, so you exit out the back door and continue on your journey.
8	1	farmhouse	In the distance you see a simple farmhouse. You cautiously decide to approach and explore inside....	3	farmhousekitchen	You leave the bedroom and head towards the kitchen. It smells like someone baked bread recently.	5	cherries.jpg	You notice you have a container of fresh cherries.	2	0.8345191995613277	2	You could have had a delicious sundae.	You feel it's time to leave the house, so you exit out the back door and continue on your journey.
8	1	farmhouse	In the distance you see a simple farmhouse. You cautiously decide to approach and explore inside....	3	farmhousekitchen	You leave the bedroom and head towards the kitchen. It smells like someone baked bread recently.	6	cathedral.jpg	There's a dusty picture of an old cathedral.	1	0.632148299831897	1	Dusting it off, you are struck with wonder at the architecture.	You feel it's time to leave the house, so you exit out the back door and continue on your journey.
