onset	duration	sample	value
0	n/a	0	boundary
0	0.001	0	actiCAP Active Shield On
23.989	0.001	23989	S 11
29.877	0.001	29877	S 12
33.914	0.001	33914	S 13
38.362	0.001	38362	S 14
38.901	0.001	38901	S 17
39.918	0.001	39918	S 19
44.756	0.001	44756	S 13
49.431	0.001	49431	S 15
49.894	0.001	49894	S 18
50.911	0.001	50911	S 19
54.531	0.001	54531	S 13
56.368	0.001	56368	S 15
56.85	0.001	56850	S 18
57.867	0.001	57867	S 19
60.269	0.001	60269	S 13
62.161	0.001	62161	S 14
62.787	0.001	62787	S 17
63.805	0.001	63805	S 19
66.158	0.001	66158	S 13
68.17	0.001	68170	S 15
68.693	0.001	68693	S 17
69.71	0.001	69710	S 19
72.145	0.001	72145	S 13
76.9	0.001	76900	S 15
77.483	0.001	77483	S 18
78.501	0.001	78501	S 19
79.435	0.001	79435	S 12
82.371	0.001	82371	S 13
84.262	0.001	84262	S 15
84.856	0.001	84856	S 18
85.873	0.001	85873	S 19
87.124	0.001	87124	S 13
88.861	0.001	88861	S 14
89.376	0.001	89376	S 17
90.394	0.001	90394	S 19
91.695	0.001	91695	S 13
93.971	0.001	93971	S 15
94.53	0.001	94530	S 18
95.548	0.001	95548	S 19
96.616	0.001	96616	S 13
99.84	0.001	99840	S 14
100.335	0.001	100335	S 17
101.353	0.001	101353	S 19
102.938	0.001	102938	S 13
104.534	0.001	104534	S 14
104.989	0.001	104989	S 17
106.007	0.001	106007	S 19
106.757	0.001	106757	S 13
108.422	0.001	108422	S 15
108.976	0.001	108976	S 18
109.993	0.001	109993	S 19
111.178	0.001	111178	S 12
112.729	0.001	112729	S 13
115.346	0.001	115346	S 14
115.948	0.001	115948	S 17
116.966	0.001	116966	S 19
117.9	0.001	117900	S 13
121.198	0.001	121198	S 14
121.653	0.001	121653	S 17
122.671	0.001	122671	S 19
123.021	0.001	123021	S 13
126.739	0.001	126739	S 14
127.291	0.001	127291	S 17
128.309	0.001	128309	S 19
130.277	0.001	130277	S 13
132.117	0.001	132117	S 15
132.595	0.001	132595	S 18
133.613	0.001	133613	S 19
134.614	0.001	134614	S 13
137.62	0.001	137620	S 14
138.15	0.001	138150	S 18
139.168	0.001	139168	S 19
139.935	0.001	139935	S 13
142.152	0.001	142152	S 14
142.604	0.001	142604	S 18
143.621	0.001	143621	S 19
145.406	0.001	145406	S  1
151.378	0.001	151378	S  2
158.117	0.001	158117	S  3
163.803	0.001	163803	S  4
164.288	0.001	164288	S  8
165.306	0.001	165306	S  9
167.241	0.001	167241	S  3
171.413	0.001	171413	S  4
171.962	0.001	171962	S  8
172.979	0.001	172979	S  9
175.531	0.001	175531	S  3
180.112	0.001	180112	S  5
180.685	0.001	180685	S  7
181.703	0.001	181703	S  9
187.558	0.001	187558	S  3
192.166	0.001	192166	S  4
192.662	0.001	192662	S  7
193.68	0.001	193680	S  9
195.331	0.001	195331	S  3
198.756	0.001	198756	S  5
199.234	0.001	199234	S  8
200.252	0.001	200252	S  9
202.337	0.001	202337	S  3
206.517	0.001	206517	S  5
207.107	0.001	207107	S  7
208.125	0.001	208125	S  9
209.677	0.001	209677	S  2
213.379	0.001	213379	S  3
223.193	0.001	223193	S  4
223.721	0.001	223721	S  8
224.739	0.001	224739	S  9
226.674	0.001	226674	S  3
229.856	0.001	229856	S  5
230.277	0.001	230277	S  7
231.294	0.001	231294	S  9
233.229	0.001	233229	S  3
238.787	0.001	238787	S  5
239.351	0.001	239351	S  7
240.369	0.001	240369	S  9
241.703	0.001	241703	S  3
246.891	0.001	246891	S  4
247.391	0.001	247391	S  7
248.408	0.001	248408	S  9
249.86	0.001	249860	S  3
253.672	0.001	253672	S  5
254.213	0.001	254213	S  8
255.231	0.001	255231	S  9
257.232	0.001	257232	S  3
262.282	0.001	262282	S  5
262.887	0.001	262887	S  8
263.905	0.001	263905	S  9
266.04	0.001	266040	S  2
272.695	0.001	272695	S  3
277.941	0.001	277941	S  4
278.434	0.001	278434	S  7
279.451	0.001	279451	S  9
281.019	0.001	281019	S  3
285.912	0.001	285912	S  4
286.474	0.001	286474	S  7
287.491	0.001	287491	S  9
288.609	0.001	288609	S  3
293.586	0.001	293586	S  4
294.197	0.001	294197	S  7
295.214	0.001	295214	S  9
297.516	0.001	297516	S  3
301.55	0.001	301550	S  5
302.086	0.001	302086	S  8
303.104	0.001	303104	S  9
304.422	0.001	304422	S  3
306.65	0.001	306650	S  5
307.091	0.001	307091	S  8
308.108	0.001	308108	S  9
310.444	0.001	310444	S  3
316.728	0.001	316728	S  5
317.183	0.001	317183	S  8
318.2	0.001	318200	S  9
324.238	0.001	324238	S 11
326.257	0.001	326257	S 12
328.059	0.001	328059	S 13
331.23	0.001	331230	S 14
331.778	0.001	331778	S 17
332.796	0.001	332796	S 19
333.396	0.001	333396	S 13
334.441	0.001	334441	S 15
334.981	0.001	334981	S 18
335.999	0.001	335999	S 19
336.615	0.001	336615	S 13
337.826	0.001	337826	S 15
338.384	0.001	338384	S 18
339.401	0.001	339401	S 19
340.001	0.001	340001	S 13
341.188	0.001	341188	S 14
341.703	0.001	341703	S 18
342.721	0.001	342721	S 19
343.989	0.001	343989	S 13
345.053	0.001	345053	S 14
345.656	0.001	345656	S 17
346.674	0.001	346674	S 19
347.374	0.001	347374	S 13
349.685	0.001	349685	S 14
350.26	0.001	350260	S 17
351.278	0.001	351278	S 19
351.761	0.001	351761	S 12
353.079	0.001	353079	S 13
354.439	0.001	354439	S 14
355.047	0.001	355047	S 18
356.065	0.001	356065	S 19
358.734	0.001	358734	S 13
359.91	0.001	359910	S 15
360.519	0.001	360519	S 17
361.536	0.001	361536	S 19
362.22	0.001	362220	S 13
363.311	0.001	363311	S 15
363.838	0.001	363838	S 18
364.856	0.001	364856	S 19
366.757	0.001	366757	S 13
368.231	0.001	368231	S 14
368.759	0.001	368759	S 17
369.776	0.001	369776	S 19
370.276	0.001	370276	S 13
371.731	0.001	371731	S 14
372.178	0.001	372178	S 18
373.196	0.001	373196	S 19
373.496	0.001	373496	S 13
374.98	0.001	374980	S 14
375.448	0.001	375448	S 17
376.465	0.001	376465	S 19
378.35	0.001	378350	S 12
379.601	0.001	379601	S 13
381.039	0.001	381039	S 15
381.536	0.001	381536	S 18
382.554	0.001	382554	S 19
382.837	0.001	382837	S 13
383.612	0.001	383612	S 14
384.155	0.001	384155	S 17
385.173	0.001	385173	S 19
385.573	0.001	385573	S 13
391.762	0.001	391762	S 15
392.295	0.001	392295	S 17
393.313	0.001	393313	S 19
394.764	0.001	394764	S 13
396.161	0.001	396161	S 14
396.666	0.001	396666	S 17
397.683	0.001	397683	S 19
398.567	0.001	398567	S 13
400.405	0.001	400405	S 15
400.952	0.001	400952	S 18
401.97	0.001	401970	S 19
402.687	0.001	402687	S 13
404.419	0.001	404419	S 14
404.872	0.001	404872	S 18
405.89	0.001	405890	S 19
407.641	0.001	407641	S  1
417.066	0.001	417066	S  2
423.171	0.001	423171	S  3
426.669	0.001	426669	S  5
427.107	0.001	427107	S  8
428.125	0.001	428125	S  9
430.243	0.001	430243	S  3
432.986	0.001	432986	S  4
433.462	0.001	433462	S  7
434.48	0.001	434480	S  9
435.815	0.001	435815	S  3
439.128	0.001	439128	S  5
439.651	0.001	439651	S  8
440.668	0.001	440668	S  9
442.62	0.001	442620	S  3
445.469	0.001	445469	S  5
445.956	0.001	445956	S  7
446.974	0.001	446974	S  9
448.275	0.001	448275	S  3
450.369	0.001	450369	S  4
450.844	0.001	450844	S  7
451.861	0.001	451861	S  9
453.362	0.001	453362	S  3
461.945	0.001	461945	S  4
462.52	0.001	462520	S  8
463.538	0.001	463538	S  9
465.139	0.001	465139	S  2
470.344	0.001	470344	S  3
473.298	0.001	473298	S  4
473.847	0.001	473847	S  7
474.864	0.001	474864	S  9
476.198	0.001	476198	S  3
478.793	0.001	478793	S  4
479.234	0.001	479234	S  8
480.251	0.001	480251	S  9
481.92	0.001	481920	S  3
486.834	0.001	486834	S  4
487.374	0.001	487374	S  8
488.392	0.001	488392	S  9
490.176	0.001	490176	S  3
499.374	0.001	499374	S  5
499.918	0.001	499918	S  8
500.936	0.001	500936	S  9
504.622	0.001	504622	S  3
509.503	0.001	509503	S  5
510.093	0.001	510093	S  7
511.111	0.001	511111	S  9
512.762	0.001	512762	S  3
514.797	0.001	514797	S  4
515.364	0.001	515364	S  7
516.382	0.001	516382	S  9
517.316	0.001	517316	S  2
523.204	0.001	523204	S  3
528.542	0.001	528542	S  5
529.076	0.001	529076	S  7
530.093	0.001	530093	S  9
532.562	0.001	532562	S  3
535.281	0.001	535281	S  4
535.865	0.001	535865	S  8
536.882	0.001	536882	S  9
539.018	0.001	539018	S  3
546.902	0.001	546902	S  4
547.424	0.001	547424	S  7
548.442	0.001	548442	S  9
549.859	0.001	549859	S  3
555.511	0.001	555511	S  4
556.098	0.001	556098	S  7
557.116	0.001	557116	S  9
558.3	0.001	558300	S  3
562.225	0.001	562225	S  5
562.67	0.001	562670	S  8
563.688	0.001	563688	S  9
565.506	0.001	565506	S  3
568.866	0.001	568866	S  5
569.393	0.001	569393	S  8
570.41	0.001	570410	S  9
574.23	0.001	574230	S 11
575.565	0.001	575565	S 12
576.315	0.001	576315	S 13
577.31	0.001	577310	S 14
577.849	0.001	577849	S 17
578.867	0.001	578867	S 19
579.084	0.001	579084	S 13
580.435	0.001	580435	S 14
580.885	0.001	580885	S 18
581.903	0.001	581903	S 19
582.503	0.001	582503	S 13
588.174	0.001	588174	S 15
588.642	0.001	588642	S 18
589.659	0.001	589659	S 19
590.243	0.001	590243	S 13
591.23	0.001	591230	S 14
591.778	0.001	591778	S 17
592.795	0.001	592795	S 19
593.296	0.001	593296	S 13
595.036	0.001	595036	S 15
595.581	0.001	595581	S 18
596.599	0.001	596599	S 19
597.132	0.001	597132	S 13
598.261	0.001	598261	S 15
598.834	0.001	598834	S 17
599.851	0.001	599851	S 19
600.452	0.001	600452	S 12
601.503	0.001	601503	S 13
602.632	0.001	602632	S 14
603.121	0.001	603121	S 18
604.138	0.001	604138	S 19
605.222	0.001	605222	S 13
607.798	0.001	607798	S 14
608.375	0.001	608375	S 17
609.392	0.001	609392	S 19
610.243	0.001	610243	S 13
611.707	0.001	611707	S 15
612.261	0.001	612261	S 18
613.279	0.001	613279	S 19
613.546	0.001	613546	S 13
615.206	0.001	615206	S 14
615.781	0.001	615781	S 18
616.799	0.001	616799	S 19
617.299	0.001	617299	S 13
617.904	0.001	617904	S 14
618.417	0.001	618417	S 17
619.434	0.001	619434	S 19
620.369	0.001	620369	S 13
622.812	0.001	622812	S 14
623.287	0.001	623287	S 17
624.305	0.001	624305	S 19
624.555	0.001	624555	S 12
625.706	0.001	625706	S 13
628.121	0.001	628121	S 15
628.542	0.001	628542	S 17
629.56	0.001	629560	S 19
631.111	0.001	631111	S 13
634.074	0.001	634074	S 14
634.497	0.001	634497	S 18
635.515	0.001	635515	S 19
636.982	0.001	636982	S 13
639.497	0.001	639497	S 15
640.018	0.001	640018	S 18
641.035	0.001	641035	S 19
641.619	0.001	641619	S 13
643.166	0.001	643166	S 14
643.621	0.001	643621	S 18
644.639	0.001	644639	S 19
645.089	0.001	645089	S 13
646.85	0.001	646850	S 14
647.391	0.001	647391	S 17
648.408	0.001	648408	S 19
650.377	0.001	650377	S 13
652.692	0.001	652692	S 14
653.296	0.001	653296	S 17
654.313	0.001	654313	S 19
657.049	0.001	657049	S  1
661.987	0.001	661987	S  2
664.705	0.001	664705	S  3
668.861	0.001	668861	S  4
669.309	0.001	669309	S  7
670.327	0.001	670327	S  9
671.277	0.001	671277	S  3
675.142	0.001	675142	S  4
675.631	0.001	675631	S  7
676.649	0.001	676649	S  9
677.833	0.001	677833	S  3
681.401	0.001	681401	S  5
682.02	0.001	682020	S  8
683.037	0.001	683037	S  9
684.405	0.001	684405	S  3
688.337	0.001	688337	S  5
688.925	0.001	688925	S  7
689.943	0.001	689943	S  9
691.911	0.001	691911	S  3
694.397	0.001	694397	S  4
694.914	0.001	694914	S  8
695.932	0.001	695932	S  9
697.433	0.001	697433	S  3
702.353	0.001	702353	S  5
702.954	0.001	702954	S  8
703.971	0.001	703971	S  9
704.905	0.001	704905	S  2
707.057	0.001	707057	S  3
713.811	0.001	713811	S  5
714.247	0.001	714247	S  8
715.264	0.001	715264	S  9
716.965	0.001	716965	S  3
720.663	0.001	720663	S  4
721.202	0.001	721202	S  8
722.22	0.001	722220	S  9
726.924	0.001	726924	S  3
731.846	0.001	731846	S  5
732.395	0.001	732395	S  7
733.413	0.001	733413	S  9
736.265	0.001	736265	S  3
739.058	0.001	739058	S  5
739.517	0.001	739517	S  7
740.535	0.001	740535	S  9
741.703	0.001	741703	S  3
745.349	0.001	745349	S  5
745.84	0.001	745840	S  7
746.857	0.001	746857	S  9
748.425	0.001	748425	S  3
750.414	0.001	750414	S  4
750.944	0.001	750944	S  8
751.961	0.001	751961	S  9
753.012	0.001	753012	S  2
755.848	0.001	755848	S  3
762.938	0.001	762938	S  4
763.471	0.001	763471	S  7
764.488	0.001	764488	S  9
765.623	0.001	765623	S  3
774.265	0.001	774265	S  5
774.88	0.001	774880	S  8
775.899	0.001	775899	S  9
777.649	0.001	777649	S  3
782.375	0.001	782375	S  5
782.953	0.001	782953	S  7
783.972	0.001	783972	S  9
784.605	0.001	784605	S  3
791.366	0.001	791366	S  4
791.844	0.001	791844	S  7
792.862	0.001	792862	S  9
794.196	0.001	794196	S  3
796.542	0.001	796542	S  5
796.999	0.001	796999	S  8
798.017	0.001	798017	S  9
799.568	0.001	799568	S  3
805.391	0.001	805391	S  5
805.889	0.001	805889	S  8
806.907	0.001	806907	S  9
810.293	0.001	810293	S 11
812.045	0.001	812045	S 12
812.812	0.001	812812	S 13
814.653	0.001	814653	S 14
815.097	0.001	815097	S 17
816.115	0.001	816115	S 19
816.882	0.001	816882	S 13
818.808	0.001	818808	S 15
819.284	0.001	819284	S 18
820.302	0.001	820302	S 19
820.886	0.001	820886	S 13
822.156	0.001	822156	S 15
822.72	0.001	822720	S 17
823.738	0.001	823738	S 19
824.372	0.001	824372	S 13
825.349	0.001	825349	S 14
825.806	0.001	825806	S 17
826.824	0.001	826824	S 19
827.141	0.001	827141	S 13
829.009	0.001	829009	S 14
829.559	0.001	829559	S 18
830.577	0.001	830577	S 19
831.261	0.001	831261	S 13
833.216	0.001	833216	S 15
833.813	0.001	833813	S 18
834.83	0.001	834830	S 19
835.414	0.001	835414	S 12
836.248	0.001	836248	S 13
837.144	0.001	837144	S 14
837.699	0.001	837699	S 18
838.717	0.001	838717	S 19
839.367	0.001	839367	S 13
840.264	0.001	840264	S 14
840.718	0.001	840718	S 18
841.736	0.001	841736	S 19
842.386	0.001	842386	S 13
843.583	0.001	843583	S 14
844.088	0.001	844088	S 18
845.106	0.001	845106	S 19
845.639	0.001	845639	S 13
846.512	0.001	846512	S 14
847.024	0.001	847024	S 17
848.041	0.001	848041	S 19
848.592	0.001	848592	S 13
850.521	0.001	850521	S 15
851.094	0.001	851094	S 17
852.111	0.001	852111	S 19
852.412	0.001	852412	S 13
853.81	0.001	853810	S 14
854.33	0.001	854330	S 17
855.347	0.001	855347	S 19
856.248	0.001	856248	S 12
857.282	0.001	857282	S 13
858.47	0.001	858470	S 14
858.967	0.001	858967	S 17
859.985	0.001	859985	S 19
860.735	0.001	860735	S 13
862.329	0.001	862329	S 14
862.903	0.001	862903	S 17
863.921	0.001	863921	S 19
864.472	0.001	864472	S 13
865.598	0.001	865598	S 14
866.09	0.001	866090	S 18
867.107	0.001	867107	S 19
867.507	0.001	867507	S 13
868.684	0.001	868684	S 15
869.109	0.001	869109	S 18
870.127	0.001	870127	S 19
870.593	0.001	870593	S 13
872.879	0.001	872879	S 14
873.346	0.001	873346	S 17
874.364	0.001	874364	S 19
874.78	0.001	874780	S 13
875.833	0.001	875833	S 14
876.265	0.001	876265	S 18
877.283	0.001	877283	S 19
878.55	0.001	878550	S  1
882.92	0.001	882920	S  2
884.889	0.001	884889	S  3
888.575	0.001	888575	S  4
889.009	0.001	889009	S  8
890.026	0.001	890026	S  9
891.127	0.001	891127	S  3
894.859	0.001	894859	S  4
895.364	0.001	895364	S  8
896.381	0.001	896381	S  9
897.833	0.001	897833	S  3
901.467	0.001	901467	S  5
901.936	0.001	901936	S  7
902.954	0.001	902954	S  9
904.288	0.001	904288	S  3
909.686	0.001	909686	S  5
910.293	0.001	910293	S  8
911.31	0.001	911310	S  9
912.411	0.001	912411	S  3
917.749	0.001	917749	S  4
918.2	0.001	918200	S  7
919.217	0.001	919217	S  9
921.202	0.001	921202	S  3
927.47	0.001	927470	S  4
927.975	0.001	927975	S  7
928.992	0.001	928992	S  9
929.726	0.001	929726	S  2
931.194	0.001	931194	S  3
934.799	0.001	934799	S  5
935.397	0.001	935397	S  8
936.415	0.001	936415	S  9
939.084	0.001	939084	S  3
943.594	0.001	943594	S  5
944.021	0.001	944021	S  7
945.039	0.001	945039	S  9
946.173	0.001	946173	S  3
950.168	0.001	950168	S  4
950.61	0.001	950610	S  8
951.628	0.001	951628	S  9
953.479	0.001	953479	S  3
957.743	0.001	957743	S  4
958.317	0.001	958317	S  7
959.334	0.001	959334	S  9
963.838	0.001	963838	S  3
967.542	0.001	967542	S  5
968.075	0.001	968075	S  7
969.092	0.001	969092	S  9
970.827	0.001	970827	S  3
974.908	0.001	974908	S  4
975.464	0.001	975464	S  8
976.481	0.001	976481	S  9
978.45	0.001	978450	S  2
984.772	0.001	984772	S  3
986.668	0.001	986668	S  4
987.124	0.001	987124	S  8
988.141	0.001	988141	S  9
990.61	0.001	990610	S  3
993.597	0.001	993597	S  4
994.18	0.001	994180	S  7
995.197	0.001	995197	S  9
995.665	0.001	995665	S  3
1000.675	0.001	1000675	S  5
1001.186	0.001	1001186	S  7
1002.203	0.001	1002203	S  9
1002.52	0.001	1002520	S  3
1005.291	0.001	1005291	S  4
1005.806	0.001	1005806	S  7
1006.824	0.001	1006824	S  9
1007.791	0.001	1007791	S  3
1010.121	0.001	1010121	S  5
1010.577	0.001	1010577	S  8
1011.594	0.001	1011594	S  9
1012.578	0.001	1012578	S  3
1015.312	0.001	1015312	S  5
1015.798	0.001	1015798	S  8
1016.815	0.001	1016815	S  9
